,City,Latitude,Longitude,Max Temp,Humidity,Cloudiness,Wind Speed,Country,Date
0,Rikitea,-23.1203,-134.9692,296.44,78,28,2.88,PF,1635369271
1,Cabo San Lucas,22.8909,-109.9124,304.36,57,20,5.14,MX,1635369277
2,Ushuaia,-54.8,-68.3,282.96,57,20,11.32,AR,1635369097
3,Punta Arenas,-53.15,-70.9167,286.21,44,0,16.98,CL,1635369184
4,Urengoy,65.9667,78.3667,259.76,98,88,2.46,RU,1635369277
5,Mar del Plata,-38.0023,-57.5575,295.16,85,0,4.47,AR,1635369278
6,Jacqueville,5.2052,-4.4146,300.1,82,33,5.76,CI,1635369278
7,Hirado,33.3597,129.5531,288.35,48,7,3.86,JP,1635369278
8,Qaqortoq,60.7167,-46.0333,273.43,73,8,2.34,GL,1635369279
9,Hualmay,-11.0964,-77.6139,292.81,74,34,5.28,PE,1635369279
10,São João da Barra,-21.6403,-41.0511,298.2,86,58,5.96,BR,1635369279
11,North Platte,41.1239,-100.7654,289.09,35,1,7.15,US,1635369138
12,Albany,42.6001,-73.9662,288.04,69,97,3.07,US,1635369081
13,Itigi,-5.7,34.4833,295.38,43,3,4.99,TZ,1635369280
14,Naryan-Mar,67.6713,53.087,266.7,86,100,5.16,RU,1635369280
15,Mayo,38.8876,-76.5119,295.14,61,1,1.79,US,1635369280
16,Chardara,41.2547,67.9692,285.26,48,100,5.18,KZ,1635369281
17,Jamestown,42.097,-79.2353,287.6,69,1,1.79,US,1635369046
18,Byron Bay,-28.65,153.6167,298.18,83,9,4.47,AU,1635368948
19,Hirara,24.8,125.2833,296.97,61,52,8.11,JP,1635369281
20,Luwingu,-10.2621,29.9271,296.5,45,94,2.52,ZM,1635369282
21,Atuona,-9.8,-139.0333,298.51,69,12,6.6,PF,1635369213
22,Agutaya,11.148,120.9417,301.39,78,100,10.9,PH,1635369282
23,Flinders,-34.5833,150.8552,291.6,93,95,1.18,AU,1635369282
24,Hobart,-42.8794,147.3294,289.32,68,0,4.12,AU,1635369283
25,Butaritari,3.0707,172.7902,300.69,72,100,3.64,KI,1635369283
26,Tiksi,71.6872,128.8694,258.76,98,86,2.03,RU,1635369283
27,Makakilo City,21.3469,-158.0858,301.33,60,90,5.14,US,1635369283
28,Hermanus,-34.4187,19.2345,291.98,92,91,2.36,ZA,1635369284
29,Bentiu,9.2333,29.8333,297.91,70,70,1.99,SS,1635369284
30,Bethel,41.3712,-73.414,287.09,81,90,0.45,US,1635369245
31,Clyde River,70.4692,-68.5914,270.5,81,100,1.63,CA,1635369285
32,Mahébourg,-20.4081,57.7,295.51,83,40,1.54,MU,1635369285
33,Reisterstown,39.4696,-76.8294,293.78,63,0,1.79,US,1635368466
34,Saint George,37.1041,-113.5841,293.9,33,1,1.34,US,1635369062
35,Saint-Philippe,-21.3585,55.7679,293.92,79,32,4.59,RE,1635369285
36,Kumul,42.8,93.45,281.88,35,0,1.42,CN,1635369286
37,Lüderitz,-26.6481,15.1594,291.01,67,100,2.23,NA,1635369286
38,Pangnirtung,66.1451,-65.7125,269.34,88,83,2.13,CA,1635369286
39,Mataura,-46.1927,168.8643,288.92,69,10,1.82,NZ,1635369287
40,Fredericton,45.9454,-66.6656,281.49,80,100,1.79,CA,1635369208
41,Sapernoye,60.7167,29.9505,280.48,91,100,2.68,RU,1635369287
42,Nabire,-3.3667,135.4833,297.67,90,89,1.2,ID,1635369287
43,Husavik,66.0449,-17.3389,277.74,98,100,5.74,IS,1635369288
44,Narsaq,60.9167,-46.05,273.27,67,15,2.86,GL,1635369288
45,Port Elizabeth,-33.918,25.5701,292.35,81,100,8.36,ZA,1635369288
46,Sangar,63.9242,127.4739,265.2,88,100,6.35,RU,1635369289
47,Bulawayo,-20.15,28.5833,289.9,78,14,6.8,ZW,1635369289
48,Milledgeville,33.0801,-83.2321,296.62,50,6,1.33,US,1635369289
49,Adrar,20.5022,-10.0711,296.0,47,38,6.8,MR,1635369289
50,Madimba,-10.4,40.3333,296.82,90,6,2.07,TZ,1635369290
51,Avarua,-21.2078,-159.775,298.18,69,90,3.6,CK,1635369290
52,Busselton,-33.65,115.3333,280.4,76,77,3.67,AU,1635369290
53,Parry Sound,45.3501,-80.033,286.6,51,9,2.18,CA,1635368959
54,Chālūs,36.655,51.4204,286.6,79,27,2.06,IR,1635369291
55,Xaxim,-26.9617,-52.5347,292.69,62,99,1.69,BR,1635369291
56,Salinópolis,-0.6136,-47.3561,300.66,73,84,4.94,BR,1635369292
57,Lahat,-3.8,103.5333,296.79,90,99,0.86,ID,1635369292
58,Half Moon Bay,37.4636,-122.4286,297.37,75,20,4.63,US,1635369292
59,Bedford,52.1346,-0.4663,288.23,80,95,7.78,GB,1635369235
60,San Patricio,28.017,-97.5169,306.2,16,0,11.35,US,1635369293
61,Port Alfred,-33.5906,26.891,292.74,81,100,13.94,ZA,1635369293
62,Codrington,-38.2667,141.9667,286.46,92,96,4.03,AU,1635369293
63,Kapaa,22.0752,-159.319,301.14,78,20,0.45,US,1635369294
64,Qaanaaq,77.484,-69.3632,267.02,94,100,5.07,GL,1635369294
65,Provideniya,64.3833,-173.3,266.21,63,75,4.0,RU,1635369294
66,Le Vauclin,14.5452,-60.8388,301.18,69,0,3.09,MQ,1635369295
67,Tasiilaq,65.6145,-37.6368,273.24,67,42,1.72,GL,1635369295
68,Geraldton,-28.7667,114.6,285.38,87,90,2.06,AU,1635369295
69,Port Lincoln,-34.7333,135.8667,287.67,88,75,6.56,AU,1635369296
70,Thompson,55.7435,-97.8558,278.1,96,100,3.17,CA,1635369296
71,Vaini,-21.2,-175.2,299.24,83,40,4.63,TO,1635369296
72,Tuatapere,-46.1333,167.6833,288.61,73,8,1.42,NZ,1635369297
73,Kudahuvadhoo,2.6708,72.8944,300.45,77,95,3.72,MV,1635369297
74,Fortuna,40.5982,-124.1573,294.46,65,75,0.89,US,1635369297
75,Dikson,73.5069,80.5464,259.07,91,42,1.69,RU,1635369298
76,Kangaatsiaq,68.3065,-53.4641,266.93,70,100,3.09,GL,1635369298
77,Mīzan Teferī,6.9833,35.5833,289.37,96,99,1.08,ET,1635369298
78,Grand Gaube,-20.0064,57.6608,295.58,72,9,0.45,MU,1635369299
79,Westport,41.1415,-73.3579,288.29,81,40,0.45,US,1635369199
80,Pisco,-13.7,-76.2167,293.18,64,0,8.75,PE,1635369299
81,Carauari,-4.8828,-66.8958,298.71,95,100,1.04,BR,1635369299
82,Andenes,69.3143,16.1194,276.14,75,0,10.8,NO,1635369300
83,Saint Paul Harbor,57.79,-152.4072,279.88,45,1,4.12,US,1635369300
84,Bluff,-46.6,168.3333,286.59,73,8,1.19,NZ,1635369301
85,Bredasdorp,-34.5322,20.0403,291.64,96,87,2.71,ZA,1635369301
86,Upernavik,72.7868,-56.1549,267.9,78,81,2.22,GL,1635369302
87,Yangi Marg`ilon,40.4272,71.7189,283.55,53,100,3.09,UZ,1635369303
88,Matara,5.9485,80.5353,297.69,90,100,3.34,LK,1635369303
89,Constitución,-35.3333,-72.4167,290.04,69,19,6.11,CL,1635369304
90,Udachny,66.4167,112.4,266.21,82,100,9.26,RU,1635369305
91,Ostrovnoy,68.0531,39.5131,273.21,68,98,6.93,RU,1635369306
92,Taft,31.7471,54.2088,284.12,33,0,2.06,IR,1635369306
93,Farīdpur,23.6,89.8333,300.15,81,9,3.24,BD,1635369307
94,Hithadhoo,-0.6,73.0833,300.6,76,23,6.92,MV,1635369308
95,Gopālpur,19.2667,84.9167,298.66,80,91,4.19,IN,1635369308
96,Aklavik,68.2191,-135.0107,271.55,90,98,1.45,CA,1635369308
97,Lumby,50.2498,-118.969,286.59,45,88,1.79,CA,1635369309
98,Puerto Ayora,-0.7393,-90.3518,298.13,89,87,2.68,EC,1635369309
99,Cape Town,-33.9258,18.4232,292.1,74,84,0.45,ZA,1635369180
100,Vezirköprü,41.1436,35.4547,279.42,83,0,0.89,TR,1635369310
101,Morgan City,29.6994,-91.2068,301.48,82,80,8.04,US,1635369310
102,Yellowknife,62.456,-114.3525,278.38,97,98,2.68,CA,1635369000
103,Malibu,34.005,-118.8101,304.54,36,0,3.13,US,1635369310
104,Lebu,-37.6167,-73.65,286.76,77,69,6.09,CL,1635369311
105,Ulladulla,-35.35,150.4667,291.41,44,76,1.05,AU,1635369311
106,Souillac,-20.5167,57.5167,295.57,83,40,1.54,MU,1635369311
107,Andros Town,24.7,-77.7667,302.13,65,86,5.69,BS,1635369311
108,Eresós,39.1667,25.9333,286.88,70,0,6.27,GR,1635369312
109,Pizarro,4.9533,-77.366,300.82,74,61,3.02,CO,1635369312
110,Talaya,61.3833,152.75,253.71,91,33,0.61,RU,1635369312
111,Cidreira,-30.1811,-50.2056,294.74,77,0,4.35,BR,1635369313
112,Saint-Joseph,-21.3667,55.6167,293.36,79,16,2.87,RE,1635369313
113,Chokurdakh,70.6333,147.9167,257.45,90,100,2.34,RU,1635369313
114,Cherskiy,68.75,161.3,245.1,98,7,2.46,RU,1635369314
115,Belaya Gora,68.5333,146.4167,253.43,96,99,0.89,RU,1635369314
116,Mulatupo,8.9492,-77.7652,301.31,81,100,1.88,PA,1635369314
117,Ngunguru,-35.6167,174.5,290.46,76,100,2.01,NZ,1635369315
118,Mbigou,-1.9005,11.906,293.43,99,100,1.6,GA,1635369315
119,Bālāghāt,21.8,80.1833,291.69,68,3,2.54,IN,1635369315
120,Dabat,12.9842,37.765,284.59,67,44,1.48,ET,1635369316
121,Port Hedland,-20.3167,118.5667,292.18,94,0,3.6,AU,1635369316
122,Candolim,15.5181,73.7626,297.88,69,50,3.48,IN,1635369316
123,Torbay,47.6666,-52.7314,278.47,86,90,6.17,CA,1635369316
124,Hobyo,5.3505,48.5268,300.05,78,8,3.63,SO,1635369317
125,Najrān,17.4924,44.1277,293.51,25,4,0.88,SA,1635369317
126,Salalah,17.0151,54.0924,297.2,57,0,1.54,OM,1635369317
127,Cockburn Town,21.4612,-71.1419,301.56,69,80,3.08,TC,1635369318
128,Dali,25.7,100.1833,285.5,91,49,1.63,CN,1635369318
129,Turaif,31.6725,38.6637,290.29,42,0,2.57,SA,1635369318
130,Chernyshevskiy,63.0128,112.4714,266.9,78,99,7.64,RU,1635369319
131,Saravan,39.7196,45.6483,272.51,31,0,1.78,AM,1635369319
132,Touros,-5.1989,-35.4608,300.65,76,5,7.38,BR,1635369319
133,New Norfolk,-42.7826,147.0587,289.12,55,5,1.07,AU,1635369320
134,College,64.8569,-147.8028,271.12,90,75,2.06,US,1635369320
135,Airai,-8.9266,125.4092,289.17,81,95,0.92,TL,1635369320
136,Puerto Escondido,15.85,-97.0667,304.61,58,1,4.12,MX,1635369321
137,Ribeira Grande,38.5167,-28.7,293.37,73,40,7.72,PT,1635369321
138,Kruisfontein,-34.0033,24.7314,291.37,84,100,2.57,ZA,1635369321
139,Kalmunai,7.4167,81.8167,298.58,83,100,2.87,LK,1635369322
140,Puerto Ayacucho,5.6639,-67.6236,299.53,86,90,1.47,VE,1635369322
141,Bambous Virieux,-20.3428,57.7575,295.49,83,40,1.54,MU,1635369322
142,Riverton,40.5219,-111.9391,287.95,49,40,1.79,US,1635369323
143,Ha Giang,22.8333,104.9833,294.02,92,84,0.95,VN,1635369323
144,East London,-33.0153,27.9116,292.7,83,100,9.64,ZA,1635369097
145,Kiryat Gat,31.61,34.7642,293.93,62,0,2.43,IL,1635369323
146,Mount Isa,-20.7333,139.5,301.02,61,40,3.09,AU,1635369324
147,Nikolskoye,59.7035,30.7861,280.3,91,100,4.32,RU,1635369324
148,Gouyave,12.1646,-61.7296,300.58,83,90,5.14,GD,1635369324
149,Santa Vitória do Palmar,-33.5189,-53.3681,296.58,65,0,2.78,BR,1635369324
150,Zhezkazgan,47.8043,67.7144,272.85,38,0,3.23,KZ,1635369325
151,Saskylakh,71.9167,114.0833,250.82,100,100,1.09,RU,1635369326
152,Río Tercero,-32.173,-64.1141,302.31,14,59,6.49,AR,1635369326
153,Udangudi,8.4333,78.0167,299.25,78,95,1.83,IN,1635369326
154,Eureka,40.8021,-124.1637,294.61,78,99,1.79,US,1635369327
155,Tucuruí,-3.7661,-49.6725,302.05,65,99,1.56,BR,1635369327
156,Tuktoyaktuk,69.4541,-133.0374,272.15,93,90,3.09,CA,1635369328
157,Strelka,58.0728,93.0344,270.62,67,30,3.62,RU,1635369328
158,Rasht,37.2808,49.5832,293.05,100,40,0.0,IR,1635369328
159,Alofi,-19.0595,-169.9187,300.09,61,40,8.75,NU,1635369329
160,Burnie,-41.0667,145.9167,287.01,74,72,2.27,AU,1635369329
161,Eichstätt,48.8833,11.1833,280.91,100,90,1.54,DE,1635369330
162,Ankang,32.68,109.0172,287.96,91,100,0.51,CN,1635369330
163,Sungai Penuh,-2.0833,101.3833,291.44,84,98,1.0,ID,1635369331
164,Parrita,9.5201,-84.3225,303.99,77,100,2.19,CR,1635369331
165,Hong Kong,22.2855,114.1577,298.33,84,85,2.68,HK,1635369075
166,Port Blair,11.6667,92.75,300.43,82,88,4.0,IN,1635369331
167,Castro,-24.7911,-50.0119,291.77,91,100,3.36,BR,1635369332
168,Barrow,71.2906,-156.7887,266.16,86,90,2.57,US,1635369332
169,George Town,5.4112,100.3354,300.31,87,20,0.51,MY,1635369269
170,Hamilton,39.1834,-84.5333,288.02,70,1,0.89,US,1635369325
171,Lompoc,34.6391,-120.4579,301.09,46,1,7.2,US,1635369332
172,Faanui,-16.4833,-151.75,299.45,78,45,2.74,PF,1635369333
173,Storforshei,66.4043,14.5233,276.03,86,75,4.12,NO,1635369333
174,Saryozek,44.3583,77.9753,282.13,50,100,2.42,KZ,1635369333
175,Gushikawa,26.3544,127.8686,294.72,77,1,2.06,JP,1635369334
176,Powell River,49.8496,-124.5361,286.64,76,90,5.14,CA,1635369325
177,Paamiut,61.994,-49.6678,272.79,70,65,5.8,GL,1635369334
178,Arraial do Cabo,-22.9661,-42.0278,297.13,88,75,5.14,BR,1635369335
179,Araouane,18.9048,-3.5265,305.8,16,96,2.53,ML,1635369335
180,Alyangula,-13.8483,136.4192,296.08,100,75,0.0,AU,1635369335
181,Guerrero Negro,27.9769,-114.0611,300.54,25,0,3.52,MX,1635369336
182,Ayyampettāi,10.9014,79.1798,299.46,90,65,3.0,IN,1635369336
183,Kavaratti,10.5669,72.642,300.08,78,100,3.0,IN,1635369336
184,Kaitangata,-46.2817,169.8464,288.43,70,6,1.7,NZ,1635369336
185,Lumsden,50.6501,-104.8678,287.7,41,2,4.86,CA,1635369326
186,Micoud,13.8167,-60.9,301.11,74,20,6.17,LC,1635369337
187,Tūkrah,32.5341,20.5791,294.65,77,12,2.69,LY,1635369337
188,Keningau,5.3378,116.1602,295.4,99,77,0.82,MY,1635369338
189,Berlevåg,70.8578,29.0864,272.12,86,90,6.17,NO,1635369338
190,São Filipe,14.8961,-24.4956,299.29,77,90,4.33,CV,1635369339
191,Belyy Yar,53.6039,91.3903,264.09,86,0,3.0,RU,1635369339
192,Chelbasskaya,45.9792,39.3719,278.87,61,0,1.5,RU,1635369339
193,Contamana,-7.3333,-75.0167,307.17,37,61,0.45,PE,1635369340
194,Arlit,18.7369,7.3853,303.98,11,3,3.34,NE,1635369340
195,Immokalee,26.4187,-81.4173,303.68,68,100,4.46,US,1635369340
196,Kamenka,51.3223,42.7678,275.69,44,3,4.92,RU,1635369341
197,Shakawe,-18.3667,21.85,296.17,66,99,4.58,BW,1635369341
198,Camacha,33.0833,-16.3333,292.89,73,20,2.57,PT,1635369341
199,Vostok,46.4856,135.8833,273.55,97,100,1.51,RU,1635369342
200,Gwadar,25.1216,62.3254,298.66,64,0,2.03,PK,1635369342
201,Makkah al Mukarramah,21.4267,39.8261,299.99,59,57,1.01,SA,1635369343
202,Longyearbyen,78.2186,15.6401,268.06,68,75,3.09,SJ,1635369343
203,Benicarló,40.4165,0.4271,288.65,75,100,1.5,ES,1635369343
204,Grindavik,63.8424,-22.4338,277.41,81,0,4.12,IS,1635369344
205,Warrnambool,-38.3833,142.4833,288.04,92,66,4.01,AU,1635369344
206,Dubno,50.4169,25.7343,279.76,90,55,3.33,UA,1635369344
207,Olinda,-8.0089,-34.8553,301.0,69,40,3.09,BR,1635369345
208,Ahipara,-35.1667,173.1667,290.77,77,100,2.23,NZ,1635369345
209,Portland,45.5234,-122.6762,288.35,83,90,1.34,US,1635368791
210,Mount Gambier,-37.8333,140.7667,286.1,94,90,4.63,AU,1635369345
211,Itaueira,-7.6033,-43.0256,304.63,32,24,2.22,BR,1635369346
212,Sioux Lookout,50.1001,-91.917,283.19,57,90,4.12,CA,1635369346
213,Tilichiki,60.4667,166.1,254.31,94,9,3.91,RU,1635369346
214,Banamba,13.55,-7.45,302.48,29,9,1.34,ML,1635369347
215,Mossendjo,-2.9506,12.7261,294.46,99,100,2.08,CG,1635369347
216,Srednekolymsk,67.45,153.6833,250.07,99,76,1.16,RU,1635369347
217,Morón,-34.6534,-58.6198,307.6,31,0,1.79,AR,1635369306
218,Mgandu,-5.95,34.1333,293.94,48,5,5.31,TZ,1635369348
219,Tagusao,9.1924,117.8141,299.32,85,95,1.84,PH,1635369348
220,Ryōtsu-minato,38.0833,138.4333,287.91,70,35,4.83,JP,1635369349
221,Ambilobe,-13.2,49.05,296.42,77,60,1.38,MG,1635369349
222,Karasjok,69.4719,25.5112,269.21,97,63,2.38,NO,1635369349
223,Øksfjord,70.2396,22.3479,271.66,90,86,7.12,NO,1635369350
224,Severo-Kuril'sk,50.6789,156.125,279.2,92,100,2.64,RU,1635369350
225,Hilo,19.7297,-155.09,301.0,66,1,4.12,US,1635369345
226,Abay,49.6311,72.8539,262.36,51,2,2.03,KZ,1635369350
227,Yeniseysk,58.4497,92.1703,270.36,70,6,3.6,RU,1635369351
228,Mlonggo,-6.5333,110.7,300.09,81,100,1.71,ID,1635369351
229,Batagay-Alyta,67.8006,130.4114,256.3,90,98,0.92,RU,1635369351
230,Esperance,-33.8667,121.9,284.06,67,82,10.56,AU,1635369352
231,Missoula,47.0166,-113.8009,279.37,55,63,6.29,US,1635369301
232,Talnakh,69.4865,88.3972,252.97,99,95,4.09,RU,1635369352
233,Yulara,-25.2406,130.9889,294.06,32,86,2.06,AU,1635369352
234,Rio Grande,-32.035,-52.0986,302.21,77,0,3.43,BR,1635369349
235,Saldanha,-33.0117,17.9442,289.18,96,100,4.04,ZA,1635369353
236,Tinskoy,56.1525,96.9161,270.83,61,87,1.99,RU,1635369353
237,Mettur,11.8,77.8,296.31,91,84,0.94,IN,1635369353
238,Bobrovytsya,50.75,31.3833,279.63,90,78,3.09,UA,1635369354
239,Gemena,3.25,19.7667,294.55,93,98,0.31,CD,1635369354
240,Lata,40.1629,-8.3327,286.51,62,0,0.69,PT,1635369354
241,Lakes Entrance,-37.8811,147.981,292.13,51,47,2.73,AU,1635369355
242,Northam,51.0333,-4.2167,288.52,84,84,10.78,GB,1635369356
243,Gaza,31.5,34.4667,294.21,67,0,3.73,PS,1635369356
244,Khatanga,71.9667,102.5,257.79,94,100,5.34,RU,1635369356
245,Macusani,-14.0833,-70.4333,280.03,70,83,4.64,PE,1635369357
246,Sørland,67.667,12.6934,278.19,91,100,9.29,NO,1635369357
247,Sola,-13.8833,167.55,298.97,83,100,6.76,VU,1635369357
248,Petropavlovsk-Kamchatskiy,53.0452,158.6483,268.48,100,0,1.0,RU,1635369358
249,Kavieng,-2.5744,150.7967,301.1,77,34,5.55,PG,1635369358
250,Zhalantun,48.0,122.7167,275.39,57,2,1.74,CN,1635369358
251,Sambava,-14.2667,50.1667,295.85,86,20,1.58,MG,1635369359
252,Giżycko,54.0381,21.7644,284.63,84,100,6.78,PL,1635369359
253,Korla,41.7597,86.1469,281.4,44,8,0.77,CN,1635369359
254,Strezhevoy,60.7333,77.5889,263.14,98,59,2.4,RU,1635369360
255,Sept-Îles,50.2001,-66.3821,279.29,80,0,0.45,CA,1635369242
256,Norman Wells,65.282,-126.8329,268.17,86,90,2.06,CA,1635369360
257,Safi,32.2994,-9.2372,292.45,83,0,4.3,MA,1635369360
258,Natal,-5.795,-35.2094,300.51,74,0,5.66,BR,1635369232
259,Kismayo,-0.3582,42.5454,299.17,83,5,5.89,SO,1635369361
260,Karratha,-20.7377,116.8463,295.77,32,1,4.26,AU,1635369362
261,Krasnyy Chikoy,50.3643,108.7512,273.41,71,9,0.64,RU,1635369362
262,Caravelas,-17.7125,-39.2481,297.42,77,10,3.69,BR,1635369363
263,Puerto Madryn,-42.7692,-65.0385,299.66,25,0,10.9,AR,1635369363
264,Crieff,56.3727,-3.8389,286.92,96,100,2.84,GB,1635369363
265,Bathsheba,13.2167,-59.5167,301.49,74,40,4.63,BB,1635369364
266,Caraquet,47.7941,-64.9386,280.56,81,100,7.74,CA,1635369364
267,Carnarvon,-24.8667,113.6333,288.19,58,40,4.63,AU,1635369364
268,San Ramon,37.7799,-121.978,296.54,69,20,0.45,US,1635369274
269,Aksu,41.1231,80.2644,282.38,39,46,1.66,CN,1635369365
270,Morant Bay,17.8815,-76.4093,302.94,76,73,4.14,JM,1635369365
271,Poopó,-18.3667,-66.9667,287.74,14,6,3.33,BO,1635369070
272,Shimoda,34.6667,138.95,286.54,74,99,2.31,JP,1635369365
273,Jishou,28.3167,109.7167,287.52,81,97,1.09,CN,1635369366
274,Hasaki,35.7333,140.8333,287.37,83,100,2.99,JP,1635369366
275,Magelang,-7.4706,110.2178,293.89,96,93,0.32,ID,1635369230
276,Naze,28.3667,129.4833,292.44,63,0,5.74,JP,1635369366
277,Hervey Bay,-25.2986,152.8535,299.83,74,38,5.06,AU,1635369367
278,Vardø,70.3705,31.1107,273.14,80,40,6.69,NO,1635369367
279,Rosetown,51.5501,-108.0014,287.03,32,3,7.2,CA,1635369367
280,Kamari,36.8,25.8167,290.79,59,81,6.27,GR,1635369368
281,Erdaojiang,41.7764,126.0319,275.99,72,0,1.09,CN,1635369368
282,Klaksvík,62.2266,-6.589,280.66,81,100,10.75,FO,1635369368
283,Thinadhoo,0.5333,72.9333,301.1,76,87,6.73,MV,1635369369
284,Taloqan,36.7361,69.5345,285.58,40,100,1.41,AF,1635369369
285,Qandala,11.472,49.8728,300.31,49,0,2.52,SO,1635369369
286,Bodden Town,19.2833,-81.25,304.81,72,20,2.24,KY,1635369370
287,San Policarpo,12.1791,125.5072,300.11,80,93,4.13,PH,1635369370
288,Nishihara,26.1842,127.7558,294.75,64,20,4.63,JP,1635369370
289,Buchanan,5.8808,-10.0467,300.13,86,100,2.98,LR,1635369371
290,Lavrentiya,65.5833,-171.0,263.32,73,49,3.44,RU,1635369371
291,Nehe,48.4833,124.8333,275.45,78,1,1.81,CN,1635369371
292,Upata,8.0086,-62.3989,297.7,91,58,1.71,VE,1635369372
293,Peachland,49.7665,-119.7357,288.79,44,69,0.89,CA,1635369372
294,Kamaishi,39.2667,141.8833,285.85,82,6,2.69,JP,1635369372
295,Kapit,2.0167,112.9333,295.79,99,90,0.44,MY,1635369373
296,Şabyā,17.1495,42.6254,300.94,57,5,1.5,SA,1635369373
297,Itarema,-2.9248,-39.9167,300.0,77,56,6.7,BR,1635369373
298,San Antonio,29.4241,-98.4936,300.66,30,1,9.77,US,1635368711
299,Havelock,34.8791,-76.9013,294.14,66,2,3.13,US,1635369374
300,Tarko-Sale,64.9225,77.785,259.73,95,67,3.66,RU,1635369374
301,Aktau,43.65,51.2,273.47,52,0,5.41,KZ,1635369374
302,Pontianak,-0.0333,109.3333,297.14,100,90,1.54,ID,1635369375
303,San Angelo,31.4638,-100.437,295.27,26,90,12.07,US,1635369264
304,Gravina in Puglia,40.8197,16.4228,286.49,83,83,2.66,IT,1635369375
305,Bonthe,7.5264,-12.505,300.3,80,78,2.75,SL,1635369375
306,Panabá,21.2833,-88.2667,306.98,47,68,6.73,MX,1635369376
307,Vila Velha,-20.3297,-40.2925,298.12,83,75,5.14,BR,1635369374
308,Tezu,27.9167,96.1667,291.98,51,1,1.94,IN,1635369376
309,Brandon,27.9378,-82.2859,303.15,59,1,2.68,US,1635369376
310,Road Town,18.4167,-64.6167,302.2,65,40,2.57,VG,1635369377
311,Acaraú,-2.8856,-40.12,300.2,75,36,7.36,BR,1635369377
312,Jaumave,23.4167,-99.3833,304.75,34,39,1.26,MX,1635369377
313,Katsuura,35.1333,140.3,288.81,89,100,3.75,JP,1635369378
314,Mathathane,-22.2687,28.7495,294.94,67,100,8.72,BW,1635369378
315,Krasnosel'kup,65.7,82.4667,257.38,98,83,3.05,RU,1635369378
316,Jérémie,18.65,-74.1167,301.03,73,88,0.97,HT,1635369379
317,Tarakan,3.3,117.6333,298.87,94,75,1.03,ID,1635369379
318,Kardymovo,54.8902,32.4311,278.77,90,100,5.15,RU,1635369379
319,Bequimão,-2.4489,-44.7825,302.33,72,54,2.5,BR,1635369380
320,Saint-Pierre,-21.3393,55.4781,293.97,69,0,2.57,RE,1635369380
321,Galle,6.0367,80.217,298.78,86,100,3.58,LK,1635369381
322,Huarmey,-10.0681,-78.1522,293.5,74,13,5.65,PE,1635369381
323,Tigil',57.8,158.6667,271.36,98,100,1.19,RU,1635369381
324,Shimanovsk,52.0,127.7,273.11,86,14,1.86,RU,1635369382
325,Okhotsk,59.3833,143.3,265.98,85,76,3.17,RU,1635369382
326,Nālūt,30.3333,10.85,291.65,52,0,5.41,LY,1635369382
327,Bibiani,6.4635,-2.3194,295.61,97,63,1.17,GH,1635369382
328,Ventspils,57.3894,21.5606,285.11,100,90,6.69,LV,1635369383
329,Labuhan,-6.8844,112.2051,299.21,85,89,2.56,ID,1635369383
330,Diu,20.7141,70.9822,298.65,48,7,2.76,IN,1635369383
331,Iqaluit,63.7506,-68.5145,272.0,86,40,0.0,CA,1635369384
332,Deputatsky,69.3,139.9,255.97,98,100,0.99,RU,1635369384
333,Vila Franca do Campo,37.7167,-25.4333,292.38,87,100,4.53,PT,1635369384
334,Hokitika,-42.7167,170.9667,289.02,51,62,2.04,NZ,1635369385
335,Oga,46.4631,10.347,275.2,71,0,1.22,IT,1635369385
336,San Quintín,30.4833,-115.95,295.7,45,0,4.04,MX,1635369385
337,Huntsville,34.7304,-86.5861,296.29,38,1,0.89,US,1635369301
338,Broome,42.2506,-75.833,286.49,72,1,2.24,US,1635369386
339,Ancud,-41.8697,-73.8203,290.05,78,1,4.25,CL,1635369386
340,Xam Nua,20.4197,104.0439,289.83,93,100,0.61,LA,1635369386
341,Vung Tau,10.346,107.0843,298.32,82,100,1.44,VN,1635369173
342,Kambia,9.1167,-12.9167,297.2,95,36,1.72,SL,1635369387
343,Pevek,69.7008,170.3133,260.58,93,100,5.18,RU,1635369387
344,Karīmganj,24.8667,92.35,294.71,89,31,1.04,IN,1635369388
345,Chui,-33.6971,-53.4616,295.92,68,0,2.66,UY,1635369388
346,Glendive,47.1053,-104.7125,289.09,35,1,8.23,US,1635369388
347,Bengkulu,-3.8004,102.2655,297.89,84,100,1.81,ID,1635369389
348,Talakan,50.3167,130.3667,272.98,96,6,1.62,RU,1635369389
349,Lagos,6.5833,3.75,300.33,87,83,1.62,NG,1635369389
350,Chuguyevka,44.1653,133.8633,276.97,97,100,2.42,RU,1635369389
351,Furano,43.2818,142.4743,281.46,93,97,1.67,JP,1635369390
352,Arrecife,28.963,-13.5477,294.19,73,20,3.6,ES,1635369390
353,Roald,62.5833,6.1333,286.23,71,75,7.2,NO,1635369390
354,Yumen,40.2833,97.2,278.37,46,4,5.56,CN,1635369391
355,Tobermory,45.2501,-81.6665,285.54,69,78,6.43,CA,1635369391
356,Blairmore,49.6,-114.4353,281.66,39,20,5.66,CA,1635369392
357,Umluj,25.0213,37.2685,299.7,61,0,2.75,SA,1635369392
358,Sompeta,18.9333,84.6,298.39,81,42,4.12,IN,1635369392
359,Dunedin,-45.8742,170.5036,288.04,78,22,2.68,NZ,1635369392
360,Sainte-Marie,-20.8968,55.5496,294.24,68,0,5.14,RE,1635369393
361,Aquiraz,-3.9014,-38.3911,301.2,79,5,5.56,BR,1635369393
362,Kuybyshevo,47.8123,38.9073,277.26,43,0,0.85,RU,1635369393
363,Cleveland,41.4995,-81.6954,286.41,90,90,1.54,US,1635369385
364,Zhigansk,66.7697,123.3711,266.05,94,100,9.98,RU,1635369394
365,Quatre Cocos,-20.2078,57.7625,295.42,72,9,3.91,MU,1635369394
366,Sibu,2.3,111.8167,297.32,100,40,1.54,MY,1635369394
367,Margate,51.3813,1.3862,286.99,82,80,1.79,GB,1635369395
368,Severo-Yeniseyskiy,60.3725,93.0408,265.67,83,100,5.49,RU,1635369395
369,Nzérékoré,7.7562,-8.8179,295.08,93,100,0.94,GN,1635369395
370,São Lourenço,-22.1164,-45.0544,292.8,91,100,1.11,BR,1635369396
371,Leh,34.1667,77.5833,268.78,62,2,1.84,IN,1635369181
372,Qasigiannguit,68.8193,-51.1922,265.29,72,100,1.47,GL,1635369396
373,Kyzyl,51.7,94.45,276.96,54,100,1.32,RU,1635369396
374,Praia,14.9215,-23.5087,299.45,78,40,8.75,CV,1635369282
375,Port Macquarie,-31.4333,152.9167,294.2,100,40,2.57,AU,1635369397
376,Arrondissement du Havre,49.5833,0.3333,285.02,87,0,2.06,FR,1635369397
377,Kahului,20.8947,-156.47,302.58,64,20,8.75,US,1635369398
378,Sisimiut,66.9395,-53.6735,268.8,63,100,1.68,GL,1635369398
379,Halifax,44.6453,-63.5724,283.27,90,100,3.13,CA,1635368958
380,Mansehra,34.3333,73.2,285.4,45,0,2.56,PK,1635369398
381,Khromtau,50.2503,58.4347,272.41,52,24,5.75,KZ,1635369399
382,Santa Isabel Rio Negro,-0.4139,-65.0192,299.75,91,86,1.35,BR,1635369399
383,Aldergrove,49.058,-122.4709,286.57,74,75,1.34,CA,1635369399
384,Poum,-20.2333,164.0167,297.42,80,1,3.74,NC,1635369399
385,Awjilah,29.1081,21.2869,295.39,51,94,0.98,LY,1635369400
386,Crossville,35.949,-85.0269,290.5,45,1,1.79,US,1635369323
387,Myitkyina,25.3833,97.4,293.61,89,73,0.66,MM,1635369400
388,Lagoa,39.05,-27.9833,292.85,67,94,9.27,PT,1635369400
389,Coolum Beach,-26.5333,153.1,298.21,84,23,3.19,AU,1635369401
390,Fort-Shevchenko,44.5086,50.263,281.36,60,3,5.1,KZ,1635369401
391,Sitka,57.0531,-135.33,281.09,76,90,7.2,US,1635369402
392,Kalawit,8.0667,122.5167,297.37,95,100,2.6,PH,1635369402
393,Kadiri,14.1167,78.1667,294.1,74,37,0.84,IN,1635369403
394,Raja,8.4596,25.678,295.56,85,46,1.23,SS,1635369403
395,Zhireken,52.8249,117.3076,272.09,69,80,1.15,RU,1635369403
396,Mogadishu,2.0371,45.3438,299.65,82,14,4.95,SO,1635369265
397,Dingle,10.9995,122.6711,296.85,95,99,2.89,PH,1635369404
398,Surin,14.8818,103.4936,294.92,90,100,5.1,TH,1635369404
399,Waingapu,-9.6567,120.2641,300.16,77,72,2.71,ID,1635369404
400,Nelson Bay,-32.7167,152.15,294.79,80,75,0.89,AU,1635369404
401,Vágur,61.4732,-6.8119,282.38,85,100,11.42,FO,1635369405
402,Narón,43.5167,-8.1528,288.52,75,4,2.5,ES,1635369405
403,Brønnøysund,65.4625,12.1997,283.38,93,75,7.2,NO,1635369405
404,Bandarbeyla,9.4942,50.8122,298.61,75,9,3.63,SO,1635369406
405,Sigli,5.3848,95.9609,299.16,80,100,1.07,ID,1635369406
406,Bardsīr,29.9227,56.5743,282.18,33,21,0.92,IR,1635369406
407,Hauterive,46.0901,3.4459,279.83,87,0,1.82,FR,1635369407
408,Chifeng,42.2683,118.9636,278.75,46,0,1.5,CN,1635369407
409,Fairview,40.8126,-73.999,290.37,65,90,5.66,US,1635369407
410,Tupanatinga,-8.7533,-37.3397,297.68,57,59,7.78,BR,1635369408
411,Matagami,49.7502,-77.6328,281.21,66,1,1.03,CA,1635369408
412,Riohacha,11.5444,-72.9072,303.22,71,90,0.28,CO,1635369408
413,Umm Kaddadah,13.6017,26.6876,302.53,17,1,5.77,SD,1635369409
414,Winnemucca,40.973,-117.7357,289.18,55,75,4.63,US,1635369200
415,Balikpapan,-1.2675,116.8289,296.93,94,99,1.44,ID,1635369409
416,Paraná,-31.732,-60.5238,307.76,29,4,6.41,AR,1635369409
417,Makubetsu,45.3714,141.8211,284.16,83,69,6.64,JP,1635369410
418,Praia da Vitória,38.7333,-27.0667,292.46,77,40,4.89,PT,1635369410
419,Rawson,-43.3002,-65.1023,300.09,25,1,11.09,AR,1635369410
420,Ishigaki,24.3448,124.1572,294.22,78,75,2.57,JP,1635369411
421,Shingū,33.7333,135.9833,286.01,78,0,3.25,JP,1635369411
422,Ilulissat,69.2167,-51.1,265.16,62,75,1.54,GL,1635369411
423,Kintinku,-5.8833,35.2333,298.54,41,3,3.16,TZ,1635369411
424,Olafsvik,64.8945,-23.7142,277.44,94,100,11.83,IS,1635369412
425,Pringsewu,-5.3582,104.9744,297.15,95,100,1.42,ID,1635369412
426,Bacolod City,10.6667,122.95,298.12,87,100,2.81,PH,1635369412
427,Chegdomyn,51.1167,133.0167,270.46,96,13,0.31,RU,1635369413
428,Tan An,10.5333,106.4167,297.16,95,100,1.3,VN,1635369413
429,Edd,13.9297,41.6925,304.64,34,68,9.76,ER,1635369413
430,Nyurba,63.2842,118.3319,271.07,71,38,6.19,RU,1635369414
431,Eenhana,-17.4667,16.3333,296.63,48,44,3.98,NA,1635369414
432,Lázaro Cárdenas,17.9583,-102.2,301.62,75,100,3.73,MX,1635369414
433,Omboué,-1.5746,9.2618,297.21,90,100,2.84,GA,1635369415
434,Ponta do Sol,32.6667,-17.1,294.82,69,5,1.29,PT,1635369415
435,Belmonte,-15.8631,-38.8828,298.43,81,6,4.02,BR,1635369415
436,Banjar,-8.19,114.9675,299.07,87,55,1.38,ID,1635369416
437,Sigayevo,56.4216,53.7757,275.29,72,100,6.62,RU,1635369416
438,Kings Park,40.8862,-73.2573,288.09,78,90,1.34,US,1635369416
439,Ocós,14.5094,-92.1933,306.43,74,81,3.17,GT,1635369417
440,Bangangté,5.1409,10.5198,289.37,94,50,1.23,CM,1635369417
441,Nioki,-2.7167,17.6833,294.23,98,62,1.05,CD,1635369417
442,Leningradskiy,69.3833,178.4167,261.03,93,100,9.06,RU,1635369418
443,Menongue,-14.6585,17.691,292.68,69,100,1.67,AO,1635369418
444,La Plata,-34.9215,-57.9545,306.1,31,0,3.3,AR,1635369240
445,Lagunas,-5.2269,-75.6753,304.44,51,87,0.31,PE,1635369418
446,Salym,60.0625,71.4789,267.85,95,100,2.56,RU,1635369419
447,Pacific Grove,36.6177,-121.9166,298.47,68,1,1.34,US,1635369246
448,Aripuanã,-9.1667,-60.6333,299.32,82,100,0.92,BR,1635369419
449,Metsamor,40.073,44.2896,277.25,38,0,2.06,AM,1635369419
450,Dromolaxia,34.8761,33.586,292.96,77,0,2.06,CY,1635369420
451,Três Lagoas,-20.7511,-51.6783,300.36,71,100,2.67,BR,1635369420
452,Kampene,-3.6,26.6667,293.83,96,100,0.8,CD,1635369420
453,Sémbé,1.6481,14.5806,294.54,98,100,0.25,CG,1635369421
454,Nuuk,64.1835,-51.7216,272.49,64,20,2.57,GL,1635369422
455,Nova Prata,-28.7839,-51.61,299.71,59,0,1.44,BR,1635369422
456,Faya,18.3851,42.4509,288.21,59,42,1.89,SA,1635369423
457,Aras,42.5617,-2.356,284.81,90,0,1.54,ES,1635369424
458,Nouadhibou,20.931,-17.0347,293.55,85,27,7.84,MR,1635369424
459,Priyutovo,53.9,53.9333,274.66,63,100,7.44,RU,1635369424
460,San Rafael,-34.6177,-68.3301,305.97,12,51,6.35,AR,1635369425
461,Ruwi,23.5996,58.5507,300.98,67,23,4.8,OM,1635369425
462,Nanortalik,60.1432,-45.2371,274.88,66,2,4.1,GL,1635369425
463,Capaci,38.1711,13.2393,292.11,87,40,3.09,IT,1635369426
464,Bosaso,11.2842,49.1816,299.17,61,0,1.76,SO,1635369426
465,Mölnlycke,57.6589,12.1179,286.2,96,90,6.17,SE,1635369426
466,Saint-Augustin,51.226,-58.6502,277.82,73,6,2.26,CA,1635369427
467,San Fernando,15.0286,120.6898,300.16,91,56,2.22,PH,1635369427
468,Kiama,-34.6833,150.8667,291.8,90,92,1.11,AU,1635369427
469,Räpina,58.0981,27.4636,284.31,92,100,6.4,EE,1635369428
470,Verāval,20.9,70.3667,299.77,59,11,2.55,IN,1635369428
471,Cadillac,44.2519,-85.4012,283.75,81,90,4.63,US,1635369428
472,Laas,46.6166,10.7002,278.64,54,2,0.9,IT,1635369429
473,Laguna,38.421,-121.4238,296.72,65,1,1.34,US,1635369429
474,Valdivia,-39.8142,-73.2459,292.2,58,0,2.37,CL,1635369429
475,Lake Sebu,6.22,124.6936,292.85,93,99,0.61,PH,1635369430
476,Benghazi,32.1167,20.0667,295.58,77,28,4.24,LY,1635369430
477,Aksarka,66.5606,67.7975,262.56,92,100,2.68,RU,1635369430
478,Baton Rouge,30.4508,-91.1545,300.07,85,90,3.58,US,1635369376
479,Beloha,-25.1667,45.05,293.12,77,93,6.88,MG,1635369431
480,Cap Malheureux,-19.9842,57.6142,295.63,72,9,0.89,MU,1635369431
481,Cham,47.1821,8.4636,282.07,90,90,0.0,CH,1635369431
482,Bereda,43.2686,-7.5406,285.6,100,7,0.81,ES,1635369432
483,Senekal,-28.3197,27.6208,289.42,72,100,5.01,ZA,1635369432
484,Te Anau,-45.4167,167.7167,285.59,82,74,0.83,NZ,1635369432
485,Sur,22.5667,59.5289,298.78,68,14,4.0,OM,1635369433
486,La Orilla,17.9833,-102.2333,301.48,75,100,3.73,MX,1635369433
487,Gobabis,-22.45,18.9667,292.05,61,100,6.57,NA,1635369433
488,Vetlanda,57.4289,15.0776,286.08,96,100,5.06,SE,1635369198
489,Guarda,40.5373,-7.2658,282.7,50,0,1.23,PT,1635369434
490,Kargasok,59.0556,80.8572,268.53,95,9,3.25,RU,1635369434
491,Marystown,47.1666,-55.1483,281.4,100,95,4.02,CA,1635369434
492,Russell,32.3502,-85.1999,296.99,40,1,1.54,US,1635369434
493,Paracuru,-3.41,-39.0306,301.16,79,15,5.77,BR,1635369435
494,Libertador General San Martín,-23.8064,-64.7876,308.14,15,20,3.63,AR,1635369435
495,Selenginsk,52.0064,106.8647,266.38,76,42,1.37,RU,1635369435
496,Kununurra,-15.7667,128.7333,299.14,89,51,0.0,AU,1635369436
497,Karachi,24.9056,67.0822,295.05,56,0,0.0,PK,1635369225
498,Alanya,36.5438,31.9998,292.22,66,99,1.75,TR,1635369436
499,Mandurah,-32.55,115.7,281.57,79,10,4.34,AU,1635369437
500,Meulaboh,4.1363,96.1285,296.9,90,100,1.61,ID,1635369437
501,Rabak,13.1809,32.74,303.39,36,36,1.34,SD,1635369437
502,Dingcheng,32.1272,115.0394,287.36,73,16,1.8,CN,1635369437
503,Skjervøy,70.0311,20.9714,274.01,69,98,13.67,NO,1635369438
504,Hailar,49.2,119.7,273.34,61,6,3.33,CN,1635369438
505,Gīdolē,5.65,37.3667,287.66,72,12,1.75,ET,1635369438
506,Padang,-0.9492,100.3543,297.66,77,88,1.7,ID,1635369304
507,Eganville,45.5334,-77.0994,285.78,70,100,2.16,CA,1635369439
508,Palm Beach,26.6503,-80.4498,305.38,65,100,2.0,US,1635369439
509,Kiruna,67.8557,20.2251,267.66,93,90,2.57,SE,1635369440
510,Mildura,-34.2,142.15,295.97,60,82,2.06,AU,1635369440
511,Muscatine,41.4667,-91.1335,288.24,51,75,0.89,US,1635369440
512,Liwale,-9.7667,37.9333,296.25,76,62,2.42,TZ,1635369440
513,Henties Bay,-22.116,14.2845,289.18,81,96,1.67,NA,1635369441
514,Mora,11.0461,14.1401,300.26,22,48,1.69,CM,1635369441
515,Ilhabela,-23.7781,-45.3581,295.42,99,100,2.08,BR,1635369441
516,Galesong,-5.3166,119.3661,297.16,80,95,2.25,ID,1635369442
517,Necochea,-38.5473,-58.7368,297.08,67,0,4.84,AR,1635369442
518,Bonavista,48.6499,-53.1147,278.77,64,100,6.16,CA,1635369442
519,Kunming,25.0389,102.7183,287.11,94,90,5.0,CN,1635369443
520,Jhārgrām,22.45,86.9833,295.47,79,18,2.93,IN,1635369443
521,Marzuq,14.4,46.4667,294.31,56,16,1.89,YE,1635369443
522,Hofn,64.2539,-15.2082,277.99,68,33,4.26,IS,1635369444
523,Gorom-Gorom,14.4439,-0.2361,306.36,19,8,3.21,BF,1635369444
524,Bom Jardim,-7.7958,-35.5872,297.17,72,48,6.0,BR,1635369445
525,Muros,42.7762,-9.0603,288.28,93,5,2.14,ES,1635369445
526,‘Āhuimanu,21.4447,-157.8378,301.99,69,40,4.63,US,1635369445
527,Coração de Jesus,-16.6853,-44.365,301.55,43,59,4.19,BR,1635369446
528,Nantucket,41.2835,-70.0995,284.8,90,100,19.95,US,1635369446
529,Dabeiba,7.0017,-76.2672,300.27,83,87,1.86,CO,1635369446
530,São Miguel do Iguaçu,-25.3481,-54.2378,304.84,46,100,2.11,BR,1635369447
531,Manicoré,-5.8092,-61.3003,299.87,86,100,0.54,BR,1635369447
532,Geilo,60.5333,8.2076,280.76,93,100,2.04,NO,1635369447
533,High Level,58.5169,-117.136,275.21,100,90,2.06,CA,1635369448
534,Bonfim,3.0833,-59.95,302.89,63,93,2.54,BR,1635369448
535,Isangel,-19.55,169.2667,299.3,79,100,1.98,VU,1635369448
536,Yar-Sale,66.8333,70.8333,262.19,92,50,2.94,RU,1635369448
537,São Gabriel da Cachoeira,-0.1303,-67.0892,299.92,89,100,0.79,BR,1635369449
538,Esmeraldas,-19.7625,-44.3139,301.21,65,95,4.45,BR,1635369449
539,Iralaya,15.0,-83.2333,304.2,68,98,3.47,HN,1635369449
540,Tiverton,50.9,-3.4833,288.37,89,83,3.13,GB,1635369450
541,Rome,43.2128,-75.4557,287.28,65,40,3.09,US,1635369450
